{
    "Nonne": {
        "punten": 17,
        "datum": "31 Oct 2019"
    },
    "Wouter": {
        "punten": 8,
        "datum": "01 Nov 2019"
    },
    "Jan": {
        "punten": 12,
        "datum": "01 Nov 2019"
    },
    "Klaas": {
        "punten": 1,
        "datum": "01 Nov 2019"
    },
    "Kees": {
        "punten": 4,
        "datum": "01 Nov 2019"
    },
    "Jappie": {
        "punten": 5,
        "datum": "01 Nov 2019"
    },
    "Mohammed": {
        "punten": 19,
        "datum": "01 Nov 2019"
    },
    "Youri": {
        "punten": 19,
        "datum": "01 Nov 2019"
    },
    "Michel": {
        "punten": 25,
        "datum": "01 Nov 2019"
    }
}